Unnamed: 0,Facility Name,Address,City,State,Zip,County,Emergency Services,Hospital Ownership,Closed,Medicare Payment,Number of Beds,Closure Date,Full Address,Prior Name,Latitude,Longitude,Coordinates,RUCA,Tract_Code,FORHP_Rural,CBSA_Code,CBSA_Title,Metro_Status,County_FIPS,State_FIPS,CCN,Matched_CCN,Match_Score,Matched_Ref_Name,Zip_Verified
76,ALBANY AREA HOSPITAL,300 3RD AVENUE,ALBANY,MN,56307,STEARNS,,,2,CAH,17.0,2015-12-01,"300 3RD AVENUE, ALBANY, MN, 56307",,-94.567073824853,45.63915451062,"-94.567073824853,45.63915451062",2.0,10402.0,No,41060.0,"St. Cloud, MN",Metropolitan Statistical Area,27145,27.0,,240193,100.0,ALBANY AREA HOSPITAL,Exact Match
79,ALBERT LINDLEY LEE MEMORIAL HOSPITAL,510 SOUTH 4TH STREET,FULTON,NY,13069,OSWEGO,,,1,PPS,67.0,2009-04-01,"510 SOUTH 4TH STREET, FULTON, NY, 13069",,-76.405705022172,43.314646213714,"-76.405705022172,43.314646213714",4.1,21102.0,Yes,45060.0,"Syracuse, NY",Metropolitan Statistical Area,36075,36.0,,330075,100.0,ALBERT LINDLEY LEE MEMORIAL HOSPITAL,Exact Match
95,AMSTERDAM MEMORIAL HOSPITAL,4988 STATE HIGHWAY 30,AMSTERDAM,NY,12010,MONTGOMERY,,,1,PPS,24.0,2009-06-01,"4988 STATE HIGHWAY 30, AMSTERDAM, NY, 12010",,-74.18619917071,42.961122950092,"-74.18619917071,42.961122950092",2.0,72100.0,Yes,11220.0,"Amsterdam, NY",Micropolitan Statistical Area,36057,36.0,,330010,100.0,AMSTERDAM MEMORIAL HOSPITAL,Exact Match
141,ASCENSION ST. VINCENT DUNN,1600 23RD STREET,BEDFORD,IN,47421,LAWRENCE,,,1,CAH,25.0,2022-12-01,"1600 23RD STREET, BEDFORD, IN, 47421",,-86.4932473995,38.853419432088,"-86.4932473995,38.853419432088",4.0,951100.0,Yes,13260.0,"Bedford, IN",Micropolitan Statistical Area,18093,18.0,,,0.0,,No Match
158,AUDRAIN COMMUNITY HOSPITAL,620 E MONROE,MEXICO,MO,65265,AUDRAIN,,,2,SCH,40.0,,"620 E MONROE, MEXICO, MO, 65265",,-91.876882722732,39.172851870486,"-91.876882722732,39.172851870486",4.0,950400.0,Yes,33020.0,"Mexico, MO",Micropolitan Statistical Area,29007,29.0,,,0.0,,No Match
174,BAMBERG COUNTY MEMORIAL HOSPITAL,509 NORTH STREET,BAMBERG,SC,29003,BAMBERG,,,2,PPS,59.0,2012-04-01,"509 NORTH STREET, BAMBERG, SC, 29003",,-81.029213251836,33.307201357101,"-81.029213251836,33.307201357101",7.2,960201.0,Yes,,,Neither,45009,45.0,,420056,100.0,BAMBERG COUNTY MEMORIAL HOSPITAL,Exact Match
285,BLESSING HEALTH KEOKUK,1600 MORGAN STREET,KEOKUK,IA,52632,LEE,,,2,MDH,49.0,2022-09-01,"1600 MORGAN STREET, KEOKUK, IA, 52632",,40.4072833,-91.387657,"40.4072833, -91.387657",4.0,490700.0,Yes,22800.0,"Fort Madison, IA",Micropolitan Statistical Area,19111,19.0,,,0.0,,No Match
287,BLOWING ROCK HOSPITAL,418 CHESTNUT DRIVE,BLOWING ROCK,NC,28605,WATAUGA,,,1,CAH,25.0,2013-10-01,"418 CHESTNUT DRIVE, BLOWING ROCK, NC, 28605",,-81.676405898375,36.125963598623,"-81.676405898375,36.125963598623",10.1,920800.0,Yes,14380.0,"Boone, NC",Micropolitan Statistical Area,37189,37.0,,340045,100.0,BLOWING ROCK HOSPITAL,Exact Match
300,BRADFORD REGIONAL MEDICAL CENTER,116 INTERSTATE PARKWAY,BRADFORD,PA,16701,MCKEAN,,,1,PPS,14.0,2026-05-01,"116 INTERSTATE PARKWAY, BRADFORD, PA, 16701",,-78.660652829741,41.961749118892,"-78.660652829741,41.961749118892",4.0,420300.0,Yes,14620.0,"Bradford, PA",Micropolitan Statistical Area,42083,42.0,,390118,100.0,BRADFORD REGIONAL MEDICAL CENTER,Exact Match
322,CALHOUN MEM HOSPITAL,55 J E JENNINGS AVE,ARLINGTON,GA,39813,CALHOUN,,,1,CAH,25.0,2013-03-01,"55 J E JENNINGS AVE, ARLINGTON, GA, 39813",,-84.721312462259,31.435837987366,"-84.721312462259,31.435837987366",2.0,950200.0,Yes,,,Neither,13037,13.0,,110062,100.0,CALHOUN MEMORIAL HOSPITAL,Exact Match
327,CALLAWAY COMMUNITY HOSPITAL,10 SOUTH HOSPITAL DRIVE,FULTON,MO,65251,CALLAWAY,,,2,PPS,18.0,,"10 SOUTH HOSPITAL DRIVE, FULTON, MO, 65251",,-91.967027016476,38.84227721013,"-91.967027016476,38.84227721013",4.0,70400.0,Yes,27620.0,"Jefferson City, MO",Metropolitan Statistical Area,29027,29.0,,,0.0,,No Match
331,CAMPBELLTON-GRACEVILLE HOSPITAL,5429 COLLEGE DR,GRACEVILLE,FL,32440,JACKSON,,,2,CAH,25.0,2017-06-01,"5429 COLLEGE DR, GRACEVILLE, FL, 32440",,-85.505711346464,30.963727159788,"-85.505711346464,30.963727159788",7.1,210302.0,Yes,,,Neither,12063,12.0,,100138,100.0,CAMPBELLTON-GRACEVILLE HOSPITAL,Exact Match
366,CEDAR VALE COMMUNITY HOSPITAL,501 CEDAR ST,CEDAR VALE,KS,67024,CHAUTAUQUA,,,2,CAH,25.0,2006-08-01,"501 CEDAR ST, CEDAR VALE, KS, 67024",,-96.497315170459,37.10399211164,"-96.497315170459,37.10399211164",10.0,964600.0,Yes,,,Neither,20019,20.0,,170172,100.0,CEDAR VALE COMMUNITY HOSPITAL,Exact Match
374,CENTRAL HOSPITAL OF BOWIE,705 E GREENWOOD AVE,BOWIE,TX,76230,MONTAGUE,,,2,MDH,37.0,2020-02-01,"705 E GREENWOOD AVE, BOWIE, TX, 76230",,-97.835221705012,33.561931822536,"-97.835221705012,33.561931822536",7.0,950502.0,Yes,,,Neither,48337,48.0,,,0.0,,No Match
375,CENTRAL KANSAS MED CTR,3515 BROADWAY ST,GREAT BEND,KS,67530,BARTON,,,1,SCH,41.0,2011-04-01,"3515 BROADWAY ST, GREAT BEND, KS, 67530",,-98.786507024555,38.366359137735,"-98.786507024555,38.366359137735",4.0,971600.0,Yes,24460.0,"Great Bend, KS",Micropolitan Statistical Area,20009,20.0,,170033,93.43137254901961,CENTRAL KANSAS MEDICAL CENTER,Exact Match
385,CHARLTON MEM HOSPITAL,2449 3RD STREET,FOLKSTON,GA,31537,CHARLTON,,,2,CAH,15.0,2013-08-01,"2449 3RD STREET, FOLKSTON, GA, 31537",,30.8240971,-82.0019264,"30.8240971, -82.0019264",2.0,10102.0,Yes,,,Neither,13049,13.0,,110185,100.0,CHARLTON MEMORIAL HOSPITAL,Exact Match
386,CHEBOYGAN MEMORIAL HOSPITAL,748 S MAIN,CHEBOYGAN,MI,49721,CHEBOYGAN,,,1,CAH,25.0,2012-04-01,"748 S MAIN, CHEBOYGAN, MI, 49721",,-84.482462988972,45.632833720266,"-84.482462988972,45.632833720266",7.0,960300.0,Yes,,,Neither,26031,26.0,,230034,100.0,CHEBOYGAN MEMORIAL HOSPITAL,Exact Match
405,CHILTON MEDICAL CENTER,1010 LAY DAM ROAD,CLANTON,AL,35045,CHILTON,,,2,PPS,27.0,2012-11-01,"1010 LAY DAM ROAD, CLANTON, AL, 35045",,-86.622935545712,32.853276709973,"-86.622935545712,32.853276709973",7.1,60104.0,Yes,13820.0,"Birmingham, AL",Metropolitan Statistical Area,1021,1.0,,010043,100.0,CHILTON MEDICAL CENTER,Exact Match
409,CHOWCHILLA DISTRICT MEM HOSPITAL,1104 VENTURA AVENUE,CHOWCHILLA,CA,93610,MADERA,,,1,PPS,24.0,2006-06-01,"1104 VENTURA AVENUE, CHOWCHILLA, CA, 93610",,-120.273280131568,37.12097502931,"-120.273280131568,37.12097502931",4.0,302.0,Yes,23420.0,"Fresno, CA",Metropolitan Statistical Area,6039,6.0,,050377,100.0,CHOWCHILLA DISTRICT MEM HOSPITAL,Exact Match
442,COCHISE REGIONAL HOSPITAL,2174 WEST OAK AVENUE,DOUGLAS,AZ,85607,COCHISE,,,2,CAH,25.0,2015-07-01,"2174 WEST OAK AVENUE, DOUGLAS, AZ, 85607",,-109.595684625137,31.364224361259,"-109.595684625137,31.364224361259",4.0,600.0,Yes,43420.0,"Sierra Vista-Douglas, AZ",Metropolitan Statistical Area,4003,4.0,,031303,100.0,COCHISE REGIONAL HOSPITAL,Exact Match
448,COMMUNITY HEALTHCARE SYSTEM - ST. MARYS,206 GRAND AVE,ST. MARYS,KS,66536,POTTAWATOMIE,,,1,CAH,8.0,2021-06-01,"206 GRAND AVE, ST. MARYS, KS, 66536",,-96.061152214096,39.189196904398,"-96.061152214096,39.189196904398",7.0,300.0,Yes,31740.0,"Manhattan, KS",Metropolitan Statistical Area,20149,20.0,,,0.0,,No Match
476,COPPER BASIN MEDICAL CENTER,HIGHWAY 68,COPPERHILL,TN,37317,POLK,,,2,CAH,21.0,2017-05-01,"HIGHWAY 68, COPPERHILL, TN, 37317",,34.99926,-84.3840711,"34.99926, -84.3840711",10.1,950400.0,Yes,17420.0,"Cleveland, TN",Metropolitan Statistical Area,47139,47.0,,441315,100.0,COPPER BASIN MEDICAL CENTER,Exact Match
478,CORCORAN DISTRICT HOSP,1310 HANNA AVE,CORCORAN,CA,93212,KINGS,,,1,PPS,32.0,2013-03-01,"1310 HANNA AVE, CORCORAN, CA, 93212",,-119.563747111022,36.099774899677,"-119.563747111022,36.099774899677",4.1,1402.0,Yes,25260.0,"Hanford-Corcoran, CA",Metropolitan Statistical Area,6031,6.0,,050349,100.0,CORCORAN DISTRICT HOSPITAL,Exact Match
482,CORNERSTONE HEALTHCARE OF ILLINOIS,400 PLUM STREET,CARMI,IL,62821,WHITE,,,1,CAH,25.0,2005-12-01,"400 PLUM STREET, CARMI, IL, 62821",,38.083444,-88.165454,"38.083444, -88.165454",7.0,958100.0,Yes,,,Neither,17193,17.0,,141314,100.0,CORNERSTONE HEALTHCARE OF ILLINOIS,Exact Match
490,CRAWLEY MEMORIAL HOSPITAL,315 W COLLEGE AVE,BOILING SPRINGS,NC,28017,CLEVELAND,,,2,MDH,60.0,2009-12-01,"315 W COLLEGE AVE, BOILING SPRINGS, NC, 28017",,35.2499682,-81.676999,"35.2499682, -81.676999",5.0,951501.0,Yes,43140.0,"Shelby-Kings Mountain, NC",Micropolitan Statistical Area,37045,37.0,,340104,100.0,CRAWLEY MEMORIAL HOSPITAL,Exact Match
509,DEER PARK HOSPITAL,1015 EAST D STREET,DEER PARK,WA,99006,SPOKANE,,,2,CAH,25.0,2008-03-01,"1015 EAST D STREET, DEER PARK, WA, 99006",,-117.461514184465,47.950813369505,"-117.461514184465,47.950813369505",2.0,10301.0,No,44060.0,"Spokane-Spokane Valley, WA",Metropolitan Statistical Area,53063,53.0,,,0.0,,No Match
510,DELEON HOSPITAL,407 S TEXAS,DE LEON,TX,76444,COMANCHE,,,2,CAH,14.0,2005-07-01,"407 S TEXAS, DE LEON, TX, 76444",,-98.538009053978,32.105689187822,"-98.538009053978,32.105689187822",10.0,950101.0,Yes,,,Neither,48093,48.0,,450288,100.0,DELEON HOSPITAL,Exact Match
518,DICKERSON MEMORIAL HOSPITAL,1001 DICKERSON DRIVE,JASPER,TX,75951,JASPER,,,2,PPS,24.0,2008-07-01,"1001 DICKERSON DRIVE, JASPER, TX, 75951",,-93.992336675568,30.90743292452,"-93.992336675568,30.90743292452",7.0,950300.0,Yes,,,Neither,48241,48.0,,450838,100.0,DICKERSON MEMORIAL HOSPITAL,Exact Match
521,DIVINE PROVIDENCE HEALTH CENTER,312 E GEORGE ST,IVANHOE,MN,56142,LINCOLN,,,1,CAH,18.0,2007-03-01,"312 E GEORGE ST, IVANHOE, MN, 56142",,-96.241992556491,44.459187997028,"-96.241992556491,44.459187997028",10.0,201001.0,Yes,,,Neither,27081,27.0,,240184,100.0,DIVINE PROVIDENCE HEALTH CENTER,Exact Match
531,DOCTORS HOSPITAL OF NELSONVILLE,1950 MOUNT ST MARYS DRIVE,NELSONVILLE,OH,45764,ATHENS,,,1,CAH,25.0,2014-10-01,"1950 MOUNT ST MARYS DRIVE, NELSONVILLE, OH, 45764",,-82.243211913047,39.463149140202,"-82.243211913047,39.463149140202",7.2,972800.0,Yes,11900.0,"Athens, OH",Micropolitan Statistical Area,39009,39.0,,360067,100.0,DOCTORS HOSPITAL OF NELSONVILLE,Exact Match
536,DOS PALOS MEMORIAL HOSPITAL,2118 MARGUERITE ST,DOS PALOS,CA,93620,MERCED,,,1,PPS,17.0,2006-06-01,"2118 MARGUERITE ST, DOS PALOS, CA, 93620",,-120.629367201199,36.986794292864,"-120.629367201199,36.986794292864",7.2,2404.0,Yes,32900.0,"Merced, CA",Metropolitan Statistical Area,6047,6.0,,050497,100.0,DOS PALOS MEMORIAL HOSPITAL,Exact Match
551,EAST TEXAS MEDICAL CENTER CLARKSVILLE,3000 W MAIN ST,CLARKSVILLE,TX,75426,REDRIVER,,,2,MDH,43.0,2014-12-01,"3000 W MAIN ST, CLARKSVILLE, TX, 75426",,33.6116213,-95.0993808,"33.6116213, -95.0993808",7.2,950502.0,Yes,37580.0,"Paris, TX",Micropolitan Statistical Area,48387,48.0,,677019,100.0,EAST TEXAS MEDICAL CENTER CLARKSVILLE,Exact Match
552,EAST TEXAS MEDICAL CENTER GILMER,712 NORTH WOOD,GILMER,TX,75644,UPSHUR,,,2,PPS,37.0,2014-10-01,"712 NORTH WOOD, GILMER, TX, 75644",,-94.942450604305,32.736815919005,"-94.942450604305,32.736815919005",7.1,950400.0,No,30980.0,"Longview, TX",Metropolitan Statistical Area,48459,48.0,,450884,100.0,EAST TEXAS MEDICAL CENTER - GILMER,Exact Match
553,EAST TEXAS MEDICAL CENTER MOUNT VERNON,500 S STATE HWY 37,MT VERNON,TX,75457,FRANKLIN,,,1,MDH,49.0,2014-12-01,"500 S STATE HWY 37, MT VERNON, TX, 75457",,-95.224561317642,33.188820412756,"-95.224561317642,33.188820412756",9.0,950200.0,Yes,,,Neither,48159,48.0,,450373,100.0,EAST TEXAS MEDICAL CENTER MOUNT VERNON,Exact Match
564,ELBA GENERAL HOSPITAL,987 DRAYTON STREET,ELBA,AL,36323,COFFEE,,,1,MDH,20.0,2013-02-01,"987 DRAYTON STREET, ELBA, AL, 36323",,-86.076343536767,31.429003418966,"-86.076343536767,31.429003418966",10.2,10500.0,Yes,21460.0,"Enterprise, AL",Micropolitan Statistical Area,1031,1.0,,010027,100.0,ELBA GENERAL HOSPITAL,Exact Match
584,EPIC MEDICAL CENTER,1 HOSPITAL DRIVE,EUFAULA,OK,74432,MCINTOSH,,,1,MDH,33.0,2016-05-01,"1 HOSPITAL DRIVE, EUFAULA, OK, 74432",,35.3110161,-95.5917776,"35.3110161, -95.5917776",10.2,780200.0,Yes,,,Neither,40091,40.0,,,0.0,,No Match
605,FAYETTE MEMORIAL HOSPITAL,543 N JACKSON,LA GRANGE,TX,78945,FAYETTE,,,2,PPS,24.0,2005-07-01,"543 N JACKSON, LA GRANGE, TX, 78945",,-96.875150459752,29.911910212458,"-96.875150459752,29.911910212458",7.0,970302.0,Yes,,,Neither,48149,48.0,,450151,100.0,FAYETTE MEMORIAL HOSPITAL,Exact Match
610,FIVE COUNTIES HOSPITAL - CRITICAL ACCESS HOSPITAL,405 6TH AVENUE WEST,LEMMON,SD,57638,PERKINS,,,1,CAH,4.0,2007-10-01,"405 6TH AVENUE WEST, LEMMON, SD, 57638",,-102.168025951079,45.940301950905,"-102.168025951079,45.940301950905",10.0,968300.0,Yes,,,Neither,46105,46.0,,431303,100.0,FIVE COUNTIES HOSPITAL - CRITICAL ACCESS HOSPITAL,Exact Match
613,FLORALA MEMORIAL HOSPITAL,24273 5TH AVENUE,FLORALA,AL,36442,COVINGTON,,,1,PPS,22.0,2013-12-01,"24273 5TH AVENUE, FLORALA, AL, 36442",,-86.314476086603,31.000087382354,"-86.314476086603,31.000087382354",3.0,963000.0,Yes,,,Neither,1039,1.0,,010066,100.0,FLORALA MEMORIAL HOSPITAL,Exact Match
614,FLORENCE COMMUNITY HEALTHCARE,450 WEST ADAMSVILLE ROAD,FLORENCE,AZ,85132,PINAL,,,1,CAH,25.0,2012-06-01,"450 WEST ADAMSVILLE ROAD, FLORENCE, AZ, 85132",,-111.393283204799,33.026034972928,"-111.393283204799,33.026034972928",4.1,902.0,Yes,38060.0,"Phoenix-Mesa-Chandler, AZ",Metropolitan Statistical Area,4021,4.0,,030129,100.0,FLORENCE COMMUNITY HEALTHCARE,Exact Match
635,FRANCISCAN SKEMP MEDICAL CENTER,464 S ST JOSEPH AVE,ARCADIA,WI,54612,TREMPEALEAU,,,1,CAH,25.0,2011-03-01,"464 S ST JOSEPH AVE, ARCADIA, WI, 54612",,-91.498314329215,44.2465821271,"-91.498314329215,44.2465821271",7.0,100600.0,Yes,,,Neither,55121,55.0,,,0.0,,No Match
645,FRYE REGIONAL MEDICAL CENTER ALEXANDER CAMPUS,326 3RD STREET SW,TAYLORSVILLE,NC,28681,ALEXANDER,,,2,CAH,23.0,2007-02-01,"326 3RD STREET SW, TAYLORSVILLE, NC, 28681",,-81.177186456408,35.917658968085,"-81.177186456408,35.917658968085",2.0,40400.0,No,25860.0,"Hickory-Lenoir-Morganton, NC",Metropolitan Statistical Area,37003,37.0,,341312,100.0,FRYE REGIONAL MEDICAL CENTER ALEXANDER CAMPUS,Exact Match
646,FT YUMA PHS INDIAN HOSP,,YUMA,AZ,85366,YUMA,,,2,CAH,15.0,2007-06-01,", YUMA, AZ, 85366",,32.687169,-114.6246981,"32.687169, -114.6246981",1.0,800.0,No,49740.0,"Yuma, AZ",Metropolitan Statistical Area,4027,4.0,,031310,100.0,FT YUMA PHS INDIAN HOSPITAL,Exact Match
647,GADSDEN COMMUNITY HOSPITAL,23186 BLUE STAR HWY,QUINCY,FL,32351,GADSDEN,,,1,CAH,25.0,2005-11-01,"23186 BLUE STAR HWY, QUINCY, FL, 32351",,-84.548002458443,30.569556772387,"-84.548002458443,30.569556772387",2.0,20702.0,Yes,45220.0,"Tallahassee, FL",Metropolitan Statistical Area,12039,12.0,,101306,100.0,GADSDEN COMMUNITY HOSPITAL,Exact Match
660,GIBSON GENERAL HOSPITAL,200 HOSPITAL DR,TRENTON,TN,38382,GIBSON,,,1,MDH,41.0,2014-01-01,"200 HOSPITAL DR, TRENTON, TN, 38382",,-88.939737079455,35.962874003312,"-88.939737079455,35.962874003312",7.0,966702.0,Yes,27180.0,"Jackson, TN",Metropolitan Statistical Area,47053,47.0,,440047,100.0,GIBSON GENERAL HOSPITAL,Exact Match
677,GOOD SHEPHERD MED CTR ,404 NORTH KAUFMAN STREET,LINDEN,TX,75563,CASS,,,2,CAH,25.0,2014-04-01,"404 NORTH KAUFMAN STREET, LINDEN, TX, 75563",,-94.364492759887,33.013736528583,"-94.364492759887,33.013736528583",10.1,950602.0,Yes,,,Neither,48067,48.0,,,0.0,,No Match
692,GULF COAST MEDICAL CENTER,10141 US 59 NORTH,WHARTON,TX,77488,WHARTON,,,2,PPS,94.0,2016-11-01,"10141 US 59 NORTH, WHARTON, TX, 77488",,29.3416806,-96.0908416,"29.3416806, -96.0908416",7.1,740200.0,Yes,20900.0,"El Campo, TX",Micropolitan Statistical Area,48481,48.0,,450214,100.0,GULF COAST MEDICAL CENTER,Exact Match
694,GULF PINES HOSPITAL,102 20TH ST,PORT SAINT JOE,FL,32456,GULF,,,2,PPS,45.0,2005-03-01,"102 20TH ST, PORT SAINT JOE, FL, 32456",,29.7965004,-85.2993281,"29.7965004, -85.2993281",7.1,960302.0,Yes,,,Neither,12045,12.0,,100027,100.0,GULF PINES HOSPITAL,Exact Match
696,GUYAN VALLEY HOSPITAL,396 DINGESS ST,LOGAN,WV,25601,LOGAN,,,2,CAH,8.0,2006-12-01,"396 DINGESS ST, LOGAN, WV, 25601",,-81.993132217566,37.849208384559,"-81.993132217566,37.849208384559",2.0,956900.0,Yes,,,Neither,54045,54.0,,510004,100.0,GUYAN VALLEY HOSPITAL,Exact Match
712,HART COUNTY HOSPITAL,138 W GIBSON STREET,HARTWELL,GA,30643,HART,,,2,MDH,82.0,2012-05-01,"138 W GIBSON STREET, HARTWELL, GA, 30643",,-82.939441725852,34.346006285149,"-82.939441725852,34.346006285149",7.0,960402.0,Yes,,,Neither,13147,13.0,,110059,100.0,HART COUNTY HOSPITAL,Exact Match
808,HOLY INFANT HOSPITAL,512 MAIN STREET,HOVEN,SD,57450,POTTER,,,1,SCH,22.0,2010-10-01,"512 MAIN STREET, HOVEN, SD, 57450",,-99.777085252135,45.240042128048,"-99.777085252135,45.240042128048",10.0,100.0,Yes,,,Neither,46107,46.0,,430060,100.0,HOLY INFANT HOSPITAL,Exact Match
855,HUALAPAI MOUNTAIN MEDICAL CENTER,3801 SANTA ROSA DRIVE,KINGMAN,AZ,86401,MOHAVE,,,1,PPS,70.0,2011-09-01,"3801 SANTA ROSA DRIVE, KINGMAN, AZ, 86401",,-113.988835269313,35.217963544731,"-113.988835269313,35.217963544731",4.0,953902.0,Yes,29420.0,"Lake Havasu City-Kingman, AZ",Metropolitan Statistical Area,4015,4.0,,030128,100.0,HUALAPAI MOUNTAIN MEDICAL CENTER,Exact Match
858,HUMBOLDT GENERAL HOSP,3525 CHERE CAROL RD,HUMBOLDT,TN,38343,GIBSON,,,1,PPS,42.0,2014-01-01,"3525 CHERE CAROL RD, HUMBOLDT, TN, 38343",,-88.895295235309,35.813786621903,"-88.895295235309,35.813786621903",7.1,967002.0,Yes,27180.0,"Jackson, TN",Metropolitan Statistical Area,47053,47.0,,440115,99.0,HUMBOLDT GENERAL HOSPITAL INC,Exact Match
860,HUNT REGIONAL COMMUNITY HOSPITAL OF COMMERCE,2900 STERLING HART DRIVE,COMMERCE,TX,75428,HUNT,,,2,CAH,24.0,2015-05-01,"2900 STERLING HART DRIVE, COMMERCE, TX, 75428",,-95.896906900553,33.231084654086,"-95.896906900553,33.231084654086",7.2,960500.0,Yes,19100.0,"Dallas-Fort Worth-Arlington, TX",Metropolitan Statistical Area,48231,48.0,,451321,99.21052631578947,HUNT REGIONAL COMMUNITY HOSPITAL,Exact Match
869,INDIAN VALLEY HOSPITAL,184 HOT SPRINGS ROAD,GREENVILLE,CA,95947,PLUMAS,,,2,SCH,26.0,2008-04-01,"184 HOT SPRINGS ROAD, GREENVILLE, CA, 95947",,-120.936991124255,40.140091820735,"-120.936991124255,40.140091820735",8.0,400.0,Yes,,,Neither,6063,6.0,,050433,100.0,INDIAN VALLEY HOSPITAL,Exact Match
922,JELLICO REGIONAL HOSPITAL,188 HOSPITAL LANE,JELLICO,TN,37762,CAMPBELL,,,2,CAH,25.0,2024-03-01,"188 HOSPITAL LANE, JELLICO, TN, 37762",,-84.127385093937,36.573927631228,"-84.127385093937,36.573927631228",10.0,950200.0,Yes,28940.0,"Knoxville, TN",Metropolitan Statistical Area,47013,47.0,,,0.0,,No Match
923,JENKINS COMMUNITY HOSPITAL,9480 HIGHWAY 805,JENKINS,KY,41537,LETCHER,,,1,CAH,25.0,2009-05-01,"9480 HIGHWAY 805, JENKINS, KY, 41537",,37.17130969999999,-82.63413609999999,"37.17130969999999, -82.63413609999999",5.0,950100.0,Yes,,,Neither,21133,21.0,,180006,100.0,JENKINS COMMUNITY HOSPITAL,Exact Match
993,KILMICHAEL HOSPITAL,301 LAMAR AVENUE,KILMICHAEL,MS,39747,MONTGOMERY,,,1,MDH,19.0,2015-01-01,"301 LAMAR AVENUE, KILMICHAEL, MS, 39747",,-89.572368157258,33.44103664666,"-89.572368157258,33.44103664666",8.0,950200.0,Yes,24980.0,"Grenada, MS",Micropolitan Statistical Area,28097,28.0,,250051,100.0,KILMICHAEL HOSPITAL,Exact Match
996,KINGS DAUGHTERS HOSPITAL-GREENVILLE,300 SOUTH WASHINGTON AVENUE,GREENVILLE,MS,38701,WASHINGTON,,,1,PPS,99.0,2005-03-01,"300 SOUTH WASHINGTON AVENUE, GREENVILLE, MS, 38701",,-91.051497672236,33.404693930931,"-91.051497672236,33.404693930931",4.0,1000.0,Yes,24740.0,"Greenville, MS",Micropolitan Statistical Area,28151,28.0,,250120,100.0,KINGS DAUGHTERS HOSPITAL-GREENVILLE,Exact Match
997,KINGSBURG MEDICAL CENTER,1200 SMITH ST,KINGSBURG,CA,93631,FRESNO,,,2,PPS,15.0,2010-05-01,"1200 SMITH ST, KINGSBURG, CA, 93631",,-119.548662568888,36.512690521981,"-119.548662568888,36.512690521981",4.1,7204.0,Yes,23420.0,"Fresno, CA",Metropolitan Statistical Area,6019,6.0,,050682,100.0,KINGSBURG MEDICAL CENTER,Exact Match
1013,LAKE SHORE HEALTH CARE CENTER – TLC NETWORK,845 ROUTES 5 AND 20,IRVING,NY,14081,CHAUTAUQUA,,,1,PPS,25.0,2017-11-01,"845 ROUTES 5 AND 20, IRVING, NY, 14081",,42.5611437,-79.1213142,"42.5611437, -79.1213142",10.1,35100.0,Yes,27460.0,"Jamestown-Dunkirk, NY",Micropolitan Statistical Area,36013,36.0,,335745,83.13186813186813,T L C HEALTH NETWORK LAKE SHORE HOSP NURSING FAC,Exact Match
1014,LAKE WHITNEY MED CTR,200 N SAN JACINTO STREET,WHITNEY,TX,76692,HILL,,,2,MDH,49.0,2014-03-01,"200 N SAN JACINTO STREET, WHITNEY, TX, 76692",,-97.320146366467,31.950680019758,"-97.320146366467,31.950680019758",10.1,960600.0,Yes,,,Neither,48217,48.0,,450270,100.0,LAKE WHITNEY MEDICAL CENTER,Exact Match
1017,LAKESIDE MEDICAL CENTER,129 6TH AVE SE,PINE CITY,MN,55063,PINE,,,2,PPS,10.0,2010-12-01,"129 6TH AVE SE, PINE CITY, MN, 55063",,-92.965395949312,45.823423159467,"-92.965395949312,45.823423159467",7.1,950700.0,Yes,,,Neither,27115,27.0,,240211,100.0,LAKESIDE MEDICAL CENTER,Exact Match
1029,LATIMER COUNTY GENERAL HOSPITAL,806 STATE HIGHWAY 2 NORTH,WILBURTON,OK,74578,LATIMER,,,2,MDH,33.0,2018-10-01,"806 STATE HIGHWAY 2 NORTH, WILBURTON, OK, 74578",,-95.320165421141,34.919933306115,"-95.320165421141,34.919933306115",7.0,87200.0,Yes,,,Neither,40077,40.0,,370072,100.0,LATIMER COUNTY GENERAL HOSPITAL,Exact Match
1036,LEELANAU MEMORIAL HEALTH CENTER,215 S HIGH ST,NORTHPORT,MI,49670,LEELANAU,,,1,CAH,23.0,2006-09-01,"215 S HIGH ST, NORTHPORT, MI, 49670",,-85.620365755904,45.127035310321,"-85.620365755904,45.127035310321",10.0,970100.0,Yes,45900.0,"Traverse City, MI",Metropolitan Statistical Area,26089,26.0,,230107,100.0,LEELANAU MEMORIAL HEALTH CENTER,Exact Match
1060,LITTLE RIVER HEALTHCARE CAMERON HOSPITAL,806 N CROCKETT,CAMERON,TX,76520,MILAM,,,2,PPS,6.0,2018-12-01,"806 N CROCKETT, CAMERON, TX, 76520",,-96.976908961789,30.856808129881,"-96.976908961789,30.856808129881",7.1,950402.0,Yes,,,Neither,48331,48.0,,670094,100.0,LITTLE RIVER HEALTHCARE CAMERON HOSPITAL,Exact Match
1082,LOWER OCONEE COMMUNITY HOSPITAL,111 N 3RD STREET,GLENWOOD,GA,30428,WHEELER,,,2,CAH,25.0,2014-06-01,"111 N 3RD STREET, GLENWOOD, GA, 30428",,-82.673416601163,32.184422930009,"-82.673416601163,32.184422930009",10.2,780100.0,Yes,,,Neither,13309,13.0,,111321,100.0,"LOWER OCONEE COMMUNITY HOSPITAL, INC",Exact Match
1109,MARLBORO PARK HOSPITAL,1138 CHERAW HIGHWAY,BENNETSVILLE,SC,29512,MARLBORO,,,2,PPS,94.0,2015-04-01,"1138 CHERAW HIGHWAY, BENNETSVILLE, SC, 29512",,-79.698541230445,34.635132466464,"-79.698541230445,34.635132466464",4.0,960301.0,Yes,,,Neither,45069,45.0,,420054,100.0,MARLBORO PARK HOSPITAL,Exact Match
1130,MCKENZIE REGIONAL HOSPITAL,161 HOSPITAL DRIVE,MCKENZIE,TN,38201,CARROLL,,,2,PPS,29.0,2018-09-01,"161 HOSPITAL DRIVE, MCKENZIE, TN, 38201",,-88.490619346513,36.137526991664,"-88.490619346513,36.137526991664",7.0,962202.0,Yes,,,Neither,47017,47.0,,440182,100.0,MCKENZIE REGIONAL HOSPITAL,Exact Match
1168,MEMORIAL HOSPITAL & PHYSICIAN GROUP,319 EAST JOSEPHINE,FREDERICK,OK,73542,TILLMAN,,,1,SCH,37.0,2016-03-01,"319 EAST JOSEPHINE, FREDERICK, OK, 73542",,-99.014293744666,34.403336697751,"-99.014293744666,34.403336697751",7.1,70300.0,Yes,,,Neither,40141,40.0,,370051,100.0,MEMORIAL HOSPITAL & PHYSICIAN GROUP,Exact Match
1197,MERCY HOSP INDEPENDENCE,800 WEST MYRTLE STREET,INDEPENDENCE,KS,67301,MONTGOMERY,,,1,PPS,41.0,2015-10-01,"800 WEST MYRTLE STREET, INDEPENDENCE, KS, 67301",,-95.716265225279,37.224501220624,"-95.716265225279,37.224501220624",7.2,950500.0,Yes,,,Neither,20125,20.0,,170010,100.0,MERCY HOSPITAL INDEPENDENCE,Exact Match
1226,MERCYONE PRIMGHAR MEDICAL CENTER,255 N WELCH AVENUE,PRIMGHAR,IA,51245,O'BRIEN,,,2,CAH,14.0,2024-09-01,"255 N WELCH AVENUE, PRIMGHAR, IA, 51245",,-95.622895045875,43.088836290895,"-95.622895045875,43.088836290895",10.0,490200.0,,,,Neither,19141,19.0,,163490,96.9672131147541,PRIMGHAR MERCY MEDICAL CLINIC,Exact Match
1261,MID COAST MEDICAL CENTER - TRINITY,317 PROSPECT DRIVE,TRINITY,TX,75862,TRINITY,,,2,PPS,21.0,,"317 PROSPECT DRIVE, TRINITY, TX, 75862",,-95.379539091063,30.954872977908,"-95.379539091063,30.954872977908",7.0,950500.0,Yes,,,Neither,48455,48.0,,450749,95.59701492537313,EAST TEXAS MEDICAL CENTER TRINITY,Exact Match
1262,MID-VALLEY HOSPITAL,1400 MAIN STREET,PECKVILLE,PA,18452,LACKAWANNA,,,1,CAH,25.0,2014-06-01,"1400 MAIN STREET, PECKVILLE, PA, 18452",,41.480823,-75.596063,"41.480823, -75.596063",1.0,111200.0,No,42540.0,"Scranton--Wilkes-Barre, PA",Metropolitan Statistical Area,42069,42.0,,391311,100.0,MID-VALLEY HOSPITAL,Exact Match
1270,MINNEWASKA DISTRICT HOSP,610 W 6TH ST,STARBUCK,MN,56381,POPE,,,2,CAH,19.0,2005-06-01,"610 W 6TH ST, STARBUCK, MN, 56381",,-95.539692683152,45.613547171929,"-95.539692683152,45.613547171929",10.0,970200.0,Yes,,,Neither,27121,27.0,,240160,100.0,MINNEWASKA DISTRICT HOSPITAL,Exact Match
1272,MISSION FAMILY HEALTH CENTER (YANCEY COMMUNITY MEDICAL CTR),320 PENSACOLA ROAD,BURNSVILLE,NC,28714,YANCEY,,,2,CAH,6.0,2006-09-01,"320 PENSACOLA ROAD, BURNSVILLE, NC, 28714",,-82.291736132615,35.909901207112,"-82.291736132615,35.909901207112",2.0,960300.0,Yes,,,Neither,37199,37.0,,,0.0,,No Match
1297,MOSES-LUDINGTON HOSPITAL,1019 WICKER STREET,TICONDEROGA,NY,12883,ESSEX,,,1,CAH,25.0,2018-04-01,"1019 WICKER STREET, TICONDEROGA, NY, 12883",,-73.436079386849,43.850373998595,"-73.436079386849,43.850373998595",7.0,961201.0,Yes,,,Neither,36031,36.0,,331306,100.0,MOSES-LUDINGTON HOSPITAL,Exact Match
1313,MOUNTAIN VIEW REGIONAL HOSPITAL,310 3RD STREET,NORTON,VA,24273,NORTON,,,1,PPS,20.0,2020-01-01,"310 3RD STREET, NORTON, VA, 24273",,36.9440135,-82.625631,"36.9440135, -82.625631",4.0,960100.0,Yes,,,Neither,51720,51.0,,,0.0,,No Match
1324,MUSKOGEE COMMUNITY HOSPITAL,2900 NORTH MAIN STREET,MUSKOGEE,OK,74402,MUSKOGEE,,,1,PPS,45.0,2012-07-01,"2900 NORTH MAIN STREET, MUSKOGEE, OK, 74402",,-95.35813951586,35.782057440687,"-95.35813951586,35.782057440687",4.0,400.0,Yes,34780.0,"Muskogee, OK",Micropolitan Statistical Area,40101,40.0,,370232,100.0,MUSKOGEE COMMUNITY HOSPITAL,Exact Match
1327,N M  HOLDERMAN MEMORIAL HOSPITAL,260 CALIFORNIA DR,YOUNTVILLE,CA,94599,NAPA,,,1,PPS,20.0,2009-08-01,"260 CALIFORNIA DR, YOUNTVILLE, CA, 94599",,-122.364374153904,38.394186595677,"-122.364374153904,38.394186595677",7.1,201300.0,Yes,34900.0,"Napa, CA",Metropolitan Statistical Area,6055,6.0,,050667,100.0,N M  HOLDERMAN MEMORIAL HOSPITAL,Exact Match
1337,NEW HORIZONS MEDICAL CENTER,330 ROLAND AVENUE,OWENTON,KY,40359,OWEN,,,1,CAH,25.0,2016-02-01,"330 ROLAND AVENUE, OWENTON, KY, 40359",,-84.841003637559,38.541630517667,"-84.841003637559,38.541630517667",10.2,970202.0,Yes,,,Neither,21187,21.0,,181312,100.0,NEW HORIZONS MEDICAL CENTER,Exact Match
1343,NEWPORT HOSP AND CLINIC,2000 MCLAIN STREEET,NEWPORT,AR,72112,JACKSON,,,2,PPS,86.0,2005-10-01,"2000 MCLAIN STREEET, NEWPORT, AR, 72112",,35.6097857,-91.2644352,"35.6097857, -91.2644352",7.0,480200.0,Yes,,,Neither,5067,5.0,,047113,100.0,NEWPORT HOSP AND CLINIC HH,Exact Match
1349,NICHOLAS COUNTY HOSP,2325 CONCRETE ROAD,CARLISLE,KY,40311,NICHOLAS,,,2,CAH,16.0,2014-05-01,"2325 CONCRETE ROAD, CARLISLE, KY, 40311",,-84.044677011195,38.311634359158,"-84.044677011195,38.311634359158",10.2,960200.0,Yes,,,Neither,21181,21.0,,181303,100.0,NICHOLAS COUNTY HOSPITAL,Exact Match
1350,NIX COMMUNITY GENERAL HOSPITAL,230 WEST MILLER STREET,DILLEY,TX,78017,FRIO,,,2,PPS,18.0,2016-09-01,"230 WEST MILLER STREET, DILLEY, TX, 78017",,-99.172613159664,28.669969753364,"-99.172613159664,28.669969753364",7.0,950301.0,Yes,,,Neither,48163,48.0,,670089,100.0,NIX COMMUNITY GENERAL HOSPITAL,Exact Match
1359,NORTH GEORGIA MEDICAL CENTER,1362 SOUTH MAIN STREET,ELLIJAY,GA,30540,GILMER,,,1,PPS,40.0,2016-06-01,"1362 SOUTH MAIN STREET, ELLIJAY, GA, 30540",,-84.493190447165,34.677844703382,"-84.493190447165,34.677844703382",7.0,80301.0,Yes,,,Neither,13123,13.0,,110077,100.0,NORTH GEORGIA MEDICAL CENTER,Exact Match
1407,NOVANT HEALTH FRANKLIN MEDICAL CENTER,100 HOSPITAL DR,LOUISBURG,NC,27549,FRANKLIN,,,1,PPS,70.0,2015-10-01,"100 HOSPITAL DR, LOUISBURG, NC, 27549",,-78.29477645468,36.112427872137,"-78.29477645468,36.112427872137",7.0,60301.0,No,39580.0,"Raleigh-Cary, NC",Metropolitan Statistical Area,37069,37.0,,340036,100.0,NOVANT HEALTH FRANKLIN MEDICAL CENTER,Exact Match
1422,NYE REGIONAL MEDICAL CTR,825 ERIE MAIN ST (AKA SOUTH MAIN),TONOPAH,NV,89049,NYE,,,2,SCH,10.0,2015-08-01,"825 ERIE MAIN ST (AKA SOUTH MAIN), TONOPAH, NV, 89049",,38.061484,-117.22224,"38.061484, -117.22224",5.0,960200.0,Yes,37220.0,"Pahrump, NV",Micropolitan Statistical Area,32023,32.0,,290020,100.0,NYE REGIONAL MEDICAL CENTER,Exact Match
1482,OWYHEE COMMUNITY HEALTH FACILITY,,OWYHEE,NV,89832,ELKO,,,1,CAH,15.0,2007-11-01,", OWYHEE, NV, 89832",,41.96658360000001,-116.1565875,"41.96658360000001, -116.1565875",10.0,951700.0,Yes,21220.0,"Elko, NV",Micropolitan Statistical Area,32007,32.0,,290029,100.0,OWYHEE COMMUNITY HEALTH FACILITY,Exact Match
1502,PARKRIDGE WEST HOSPITAL,1000 HIGHWAY 28,JASPER,TN,37347,MARION,,,1,PPS,50.0,2015-04-01,"1000 HIGHWAY 28, JASPER, TN, 37347",,-85.63106743013,35.048508428615,"-85.63106743013,35.048508428615",7.1,50204.0,Yes,16860.0,"Chattanooga, TN-GA",Metropolitan Statistical Area,47115,47.0,,,0.0,,No Match
1503,PARKVIEW ADVENTIST MEDICAL CENTER,329 MAIN ST,BRUNSWICK,ME,4011,CUMBERLAND,,,1,PPS,55.0,2015-06-01,"329 MAIN ST, BRUNSWICK, ME, 4011",,43.8958563,-69.9681919,"43.8958563, -69.9681919",4.1,11203.0,Yes,38860.0,"Portland-South Portland, ME",Metropolitan Statistical Area,23005,23.0,,200025,100.0,PARKVIEW ADVENTIST MEDICAL CENTER,Exact Match
1507,PARKWAY REGIONAL HOSPITAL,2000 HOLIDAY LANE,FULTON,KY,42041,FULTON,,,2,PPS,48.0,2015-03-01,"2000 HOLIDAY LANE, FULTON, KY, 42041",,-88.894727945918,36.517903676694,"-88.894727945918,36.517903676694",7.2,960100.0,Yes,,,Neither,21075,21.0,,180117,100.0,PARKWAY REGIONAL HOSPITAL,Exact Match
1512,PATIENT’S CHOICE MEDICAL CENTER OF HUMPHREYS CO,500 CCC ROAD,BELZONI,MS,39038,HUMPHREYS,,,2,CAH,25.0,2013-08-01,"500 CCC ROAD, BELZONI, MS, 39038",,33.1842911,-90.4892562,"33.1842911, -90.4892562",7.2,950300.0,Yes,,,Neither,28053,28.0,,251311,100.0,PATIENT'S CHOICE MEDICAL CENTER OF HUMPHREYS,Exact Match
1513,PAWNEE MUNICIPAL HOSPITAL,1212 4TH STREET,PAWNEE,OK,74058,PAWNEE,,,2,PPS,25.0,2007-08-01,"1212 4TH STREET, PAWNEE, OK, 74058",,-96.800768867165,36.330760531274,"-96.800768867165,36.330760531274",10.0,957500.0,Yes,46140.0,"Tulsa, OK",Metropolitan Statistical Area,40117,40.0,,370060,100.0,PAWNEE MUNICIPAL HOSPITAL,Exact Match
1527,PHILIPSBURG AREA HOSPITAL,210 LOCH LOMOND ROAD,PHILIPSBURG,PA,16866,CENTRE,,,2,CAH,25.0,2006-04-01,"210 LOCH LOMOND ROAD, PHILIPSBURG, PA, 16866",,-78.208877627463,40.906348938924,"-78.208877627463,40.906348938924",2.0,10400.0,Yes,44300.0,"State College, PA",Metropolitan Statistical Area,42027,42.0,,390279,100.0,PHILIPSBURG AREA HOSPITAL,Exact Match
1531,PHS INDIAN HOSPITAL AT SISSETON,5 CHESTNUT ST,SISSETON,SD,57262,ROBERTS,,,1,IHS,18.0,2006-10-01,"5 CHESTNUT ST, SISSETON, SD, 57262",,45.6674943,-97.0490141,"45.6674943, -97.0490141",10.0,940400.0,Yes,,,Neither,46109,46.0,,430085,100.0,PHS INDIAN HOSPITAL AT SISSETON,Exact Match
1534,PHYSICIANS CHOICE HOSPITAL-FREMONT,2390 ENTERPRISE DRIVE,FREMONT,OH,43420,SANDUSKY,,,1,PPS,8.0,2012-03-01,"2390 ENTERPRISE DRIVE, FREMONT, OH, 43420",,-83.115412579991,41.380200035712,"-83.115412579991,41.380200035712",4.0,960800.0,Yes,23380.0,"Fremont, OH",Micropolitan Statistical Area,39143,39.0,,,0.0,,No Match
1557,PIKE COUNTY HOSPITAL,315 E 13TH ST,MURFREESBORO,AR,71958,PIKE,,,2,MDH,32.0,2009-11-01,"315 E 13TH ST, MURFREESBORO, AR, 71958",,-93.686572845119,34.070400298059,"-93.686572845119,34.070400298059",10.0,953500.0,Yes,,,Neither,5109,5.0,,040081,100.0,PIKE COUNTY HOSPITAL,Exact Match
1559,PINNACLE REGIONAL HOSPITAL,17651 HWY B,BOONVILLE,MO,65233,COOPER,,,2,PPS,46.0,2020-01-01,"17651 HWY B, BOONVILLE, MO, 65233",,-92.741978218712,38.943135679414,"-92.741978218712,38.943135679414",2.0,950400.0,Yes,17860.0,"Columbia, MO",Metropolitan Statistical Area,29053,29.0,,,0.0,,No Match
1560,PIONEER COMMUNITY HOSPITAL OF NEWTON,9421 EAST SIDE DRIVE EXTENSION,NEWTON,MS,39345,NEWTON,,,2,CAH,21.0,2015-12-01,"9421 EAST SIDE DRIVE EXTENSION, NEWTON, MS, 39345",,32.3574349,-89.1280345,"32.3574349, -89.1280345",7.0,50301.0,Yes,,,Neither,28101,28.0,,,0.0,,No Match
1616,RANDOLPH MEDICAL CTR,59928 HIGHWAY 22,ROANOKE,AL,36274,RANDOLPH,,,2,CAH,12.0,2011-03-01,"59928 HIGHWAY 22, ROANOKE, AL, 36274",,33.1580495,-85.3886103,"33.1580495, -85.3886103",7.2,400.0,Yes,,,Neither,1111,1.0,,010098,100.0,RANDOLPH MEDICAL CENTER,Exact Match
1635,RICHARDTON HEALTH CENTER,212 3RD AVE WEST,RICHARDTON,ND,58652,STARK,,,1,CAH,25.0,2009-04-01,"212 3RD AVE WEST, RICHARDTON, ND, 58652",,-102.316645475078,46.887891561281,"-102.316645475078,46.887891561281",10.0,963300.0,Yes,19860.0,"Dickinson, ND",Micropolitan Statistical Area,38089,38.0,,350060,100.0,RICHARDTON HEALTH CENTER,Exact Match
1637,RICHWOOD AREA COMMUNITY HOSPITAL,RIVERSIDE ADDITION,RICHWOOD,WV,26261,NICHOLAS,,,2,CAH,25.0,2008-06-01,"RIVERSIDE ADDITION, RICHWOOD, WV, 26261",,38.218659,-80.5440284,"38.218659, -80.5440284",8.1,950600.0,Yes,,,Neither,54067,54.0,,510016,100.0,RICHWOOD AREA COMMUNITY HOSPITAL,Exact Match
1665,SAC-OSAGE HOSPITAL,700 GIESLER DRIVE,OSCEOLA,MO,64776,ST.CLAIR,,,2,SCH,47.0,2014-09-01,"700 GIESLER DRIVE, OSCEOLA, MO, 64776",,38.05325990000001,-93.6815741,"38.05325990000001, -93.68157409999999",9.0,480300.0,Yes,,,Neither,29185,29.0,,260147,100.0,SAC-OSAGE HOSPITAL,Exact Match
1676,SAINT CATHERINE MEDICAL CENTER FOUNTAIN SPRINGS,101 BROAD STREET,ASHLAND,PA,17921,SCHUYLKILL,,,2,PPS,53.0,2012-04-01,"101 BROAD STREET, ASHLAND, PA, 17921",,-76.330776918895,40.771538284447,"-76.330776918895,40.771538284447",7.2,901.0,Yes,39060.0,"Pottsville, PA",Micropolitan Statistical Area,42107,42.0,,390313,100.0,SAINT CATHERINE MEDICAL CENTER FOUNTAIN SPRINGS,Exact Match
1722,SANDHILLS REGIONAL MED CTR,1000 WEST HAMLET AVENUE,HAMLET,NC,28345,RICHMOND,,,2,PPS,64.0,2017-11-01,"1000 WEST HAMLET AVENUE, HAMLET, NC, 28345",,-79.709963574872,34.900966389104,"-79.709963574872,34.900966389104",4.0,971000.0,Yes,40460.0,"Rockingham, NC",Micropolitan Statistical Area,37153,37.0,,340106,100.0,SANDHILLS REGIONAL MEDICAL CENTER,Exact Match
1736,SAYRE COMMUNITY HOSPITAL,911 HOSPITAL DRIVE,SAYRE,OK,73662,BECKHAM,,,2,PPS,22.0,2018-08-01,"911 HOSPITAL DRIVE, SAYRE, OK, 73662",,35.3130911,-99.6257099,"35.3130911, -99.62570989999999",7.2,966800.0,Yes,21120.0,"Elk City, OK",Micropolitan Statistical Area,40009,40.0,,,0.0,,No Match
1756,SHELBY REGIONAL MEDICAL CENTER,602 HURST STREET,CENTER,TX,75935,SHELBY,,,2,PPS,54.0,2013-07-01,"602 HURST STREET, CENTER, TX, 75935",,-94.190297291712,31.797383594745,"-94.190297291712,31.797383594745",7.2,950401.0,Yes,,,Neither,48419,48.0,,450839,100.0,SHELBY REGIONAL MEDICAL CENTER,Exact Match
1788,SOUTHEAST REGIONAL MEDICAL CENTER,719 AVENUE G,KENTWOOD,LA,70444,TANGIPAHOAPARISH,,,1,PPS,14.0,2022-08-01,"719 AVENUE G, KENTWOOD, LA, 70444",,-90.517113361597,30.936823415518,"-90.517113361597,30.936823415518",10.0,953300.0,,,,Neither,22105,22.0,,193068,100.0,SOUTHEAST REGIONAL MEDICAL CENTER,Exact Match
1790,SOUTHEASTHEALTH CENTER OF REYNOLDS COUNTY,100 HWY 21 N,ELLINGTON,MO,63638,REYNOLDS,,,2,CAH,21.0,2016-03-01,"100 HWY 21 N, ELLINGTON, MO, 63638",,37.24158130000001,-90.9610069,"37.24158130000001, -90.9610069",2.0,380200.0,Yes,,,Neither,29179,29.0,,260229,99.33734939759037,SOUTHEAST HEALTH CENTER OF REYNOLDS COUNTY,Exact Match
1793,SOUTHERN MAINE HEALTH CARE - SANFORD MEDICAL CENTER,25 JUNE STREET,SANFORD,ME,4073,YORK,,,1,PPS,46.0,2015-10-01,"25 JUNE STREET, SANFORD, ME, 4073",,43.4485979,-70.7675924,"43.4485979, -70.7675924",4.1,30204.0,Yes,38860.0,"Portland-South Portland, ME",Metropolitan Statistical Area,23031,23.0,,,0.0,,No Match
1796,SOUTHERN PALMETTO HOSPITAL,811  REYNOLDS ROAD,BARNWELL,SC,29812,BARNWELL,,,2,SCH,30.0,2016-01-01,"811  REYNOLDS ROAD, BARNWELL, SC, 29812",,-81.36031786008,33.255838214919,"-81.36031786008,33.255838214919",7.1,970300.0,Yes,,,Neither,45011,45.0,,420016,100.0,SOUTHERN PALMETTO HOSPITAL,Exact Match
1874,ST JOSEPH'S HOSPITAL OF HUNTINGBURG,1900 MEDICAL ARTS DRIVE,HUNTINGBURG,IN,47542,DUBOIS,,,2,CAH,25.0,2007-01-01,"1900 MEDICAL ARTS DRIVE, HUNTINGBURG, IN, 47542",,-86.956340798709,38.313413266842,"-86.956340798709,38.313413266842",5.0,953800.0,Yes,27540.0,"Jasper, IN",Micropolitan Statistical Area,18037,18.0,,151321,100.0,"ST JOSEPH'S HOSPITAL OF HUNTINGBURG, INC",Exact Match
1896,ST LUKES HOSPITAL,1333 SOUTHVIEW DRIVE POB 1190,BLUEFIELD,WV,24701,MERCER,,,1,MDH,79.0,2007-05-01,"1333 SOUTHVIEW DRIVE POB 1190, BLUEFIELD, WV, 24701",,-81.232821947653,37.242946502295,"-81.232821947653,37.242946502295",4.0,2100.0,Yes,14140.0,"Bluefield, WV-VA",Micropolitan Statistical Area,54055,54.0,,510067,100.0,ST LUKES HOSPITAL,Exact Match
1929,ST. ANDREWS HOSPITAL,35 MILES STREET,BOOTHBAY HARBOR,ME,4543,LINCOLN,,,1,CAH,25.0,2013-10-01,"35 MILES STREET, BOOTHBAY HARBOR, ME, 4543",,-69.53040233388,44.02660205378,"-69.53040233388,44.02660205378",10.0,975300.0,Yes,,,Neither,23015,23.0,,200006,82.43589743589743,ST ANDREWS HOSPITAL,Mismatch / Missing
1931,ST. MARGARET'S HEALTH - SPRING VALLEY,600 E 1ST ST,SPRING VALLEY,IL,61362,BUREAU,,,2,MDH,44.0,2023-06-01,"600 E 1ST ST, SPRING VALLEY, IL, 61362",,41.3294425,-89.1923006,"41.3294425, -89.1923006",4.0,965100.0,Yes,36837.0,"Ottawa, IL",Micropolitan Statistical Area,17011,17.0,,,0.0,,No Match
1934,ST. MARY’S HOSPITAL,111  SPRING STREET,STREATOR,IL,61364,LASALLE,,,1,PPS,94.0,2016-01-01,"111  SPRING STREET, STREATOR, IL, 61364",,-88.835268965924,41.114284049207,"-88.835268965924,41.114284049207",4.0,964200.0,Yes,36837.0,"Ottawa, IL",Micropolitan Statistical Area,17099,17.0,,140026,100.0,ST MARYS HOSPITAL,Exact Match
1938,STAMFORD MEMORIAL HOSPITAL,1601 COLUMBIA STREET,STAMFORD,TX,79553,JONES,,,1,PPS,22.0,2018-07-01,"1601 COLUMBIA STREET, STAMFORD, TX, 79553",,32.9278429,-99.7830383,"32.9278429, -99.7830383",7.1,20400.0,Yes,10180.0,"Abilene, TX",Metropolitan Statistical Area,48253,48.0,,450306,100.0,STAMFORD MEMORIAL HOSPITAL,Exact Match
1942,STARR REGIONAL MEDICAL CTR,886 HIGHWAY 411 NORTH,ETOWAH,TN,37331,MCMINN,,,1,MDH,60.0,2013-12-01,"886 HIGHWAY 411 NORTH, ETOWAH, TN, 37331",,-84.525929507526,35.322480432497,"-84.525929507526,35.322480432497",7.2,970700.0,Yes,11940.0,"Athens, TN",Micropolitan Statistical Area,47107,47.0,,440054,98.87096774193549,STARR REGIONAL MEDICAL CENTER ETOWAH,Exact Match
1945,STEWART-WEBSTER HOSP,580 ALSTON STREET,RICHLAND,GA,31825,STEWART,,,2,CAH,25.0,2013-03-01,"580 ALSTON STREET, RICHLAND, GA, 31825",,-84.661169544503,32.0860712661,"-84.661169544503,32.0860712661",10.1,950100.0,Yes,17980.0,"Columbus, GA-AL",Metropolitan Statistical Area,13259,13.0,,111322,100.0,STEWART WEBSTER HOSPITAL,Exact Match
1978,SW ALABAMA MED CTR,33700 HIGHWAY 43,THOMASVILLE,AL,36784,CLARKE,,,2,PPS,27.0,2011-08-01,"33700 HIGHWAY 43, THOMASVILLE, AL, 36784",,31.9307605,-87.7367579,"31.9307605, -87.7367579",7.1,957604.0,Yes,,,Neither,1025,1.0,,010015,87.0,SOUTHWEST ALABAMA MEDICAL CENTER,Exact Match
1990,TAYLOR TELFAIR REGIONAL HOSPITAL,HIGHWAY 341,MCRAE,GA,31055,TELFAIR,,,2,CAH,15.0,2008-04-01,"HIGHWAY 341, MCRAE, GA, 31055",,32.0585736,-82.8741017,"32.0585736, -82.8741017",7.0,950101.0,Yes,,,Neither,13271,13.0,,111301,100.0,TAYLOR TELFAIR REGIONAL HOSPITAL,Exact Match
1995,TENNOVA HEALTHCARE - MCNAIRY REGIONAL,705 E POPLAR AVE,SELMER,TN,38375,MCNAIRY,,,2,MDH,26.0,2016-05-01,"705 E POPLAR AVE, SELMER, TN, 38375",,-88.575914605263,35.163080521896,"-88.575914605263,35.163080521896",7.0,930502.0,Yes,,,Neither,47109,47.0,,440051,100.0,TENNOVA HEALTHCARE-MCNAIRY REGIONAL,Exact Match
2000,TEXAS GENERAL - VAN ZANDT REGIONAL MEDICAL CENTER,707 N WALDRIP ST,GRAND SALINE,TX,75140,VANZANDT,,,2,PPS,1.0,2019-08-01,"707 N WALDRIP ST, GRAND SALINE, TX, 75140",,-95.721830111736,32.679072272556,"-95.721830111736,32.679072272556",7.0,950200.0,Yes,,,Neither,48467,48.0,,,0.0,,No Match
2050,THOMASVILLE REGIONAL MEDICAL CENTER,300 MED PARK DRIVE,THOMASVILLE,AL,36784,CLARKE,,,2,PPS,29.0,2024-09-01,"300 MED PARK DRIVE, THOMASVILLE, AL, 36784",,31.8758136,-87.7431921,"31.8758136, -87.7431921",7.0,957604.0,Yes,,,Neither,1025,1.0,,,0.0,,No Match
2053,TILDEN COMMUNITY HOSP,,TILDEN,NE,68781,ANTELOPE,,,1,CAH,20.0,2014-06-01,", TILDEN, NE, 68781",,42.0472285,-97.8339503,"42.0472285, -97.8339503",10.2,961200.0,,,,Neither,31003,31.0,,280068,100.0,TILDEN COMMUNITY HOSPITAL,Exact Match
2066,TRINITY COMMUNITY HOSPITAL,506 NW 4TH ST,JASPER,FL,32052,HAMILTON,,,2,PPS,42.0,2008-08-01,"506 NW 4TH ST, JASPER, FL, 32052",,-82.951745030657,30.522131938694,"-82.951745030657,30.522131938694",7.1,960102.0,Yes,,,Neither,12047,12.0,,100108,100.0,TRINITY COMMUNITY HOSPITAL,Exact Match
2088,TUOLUMNE GENERAL HOSP,101 E HOSPITAL ROAD,SONORA,CA,95370,TUOLUMNE,,,2,PPS,80.0,2007-06-01,"101 E HOSPITAL ROAD, SONORA, CA, 95370",,-120.378096551984,37.97456400048,"-120.378096551984,37.97456400048",4.0,1200.0,Yes,43760.0,"Sonora, CA",Micropolitan Statistical Area,6109,6.0,,,0.0,,No Match
2089,TWIN RIVERS REGIONAL MEDICAL CENTER,1301 1ST ST,KENNETT,MO,63857,DUNKLIN,,,2,PPS,100.0,2018-06-01,"1301 1ST ST, KENNETT, MO, 63857",,-90.042288418306,36.236537001052,"-90.042288418306,36.236537001052",4.0,360600.0,Yes,28380.0,"Kennett, MO",Micropolitan Statistical Area,29069,29.0,,260015,100.0,TWIN RIVERS REGIONAL MEDICAL CENTER,Exact Match
2182,UPMC LOCK HAVEN,24 CREE DRIVE,LOCK HAVEN,PA,17745,CLINTON,,,1,MDH,25.0,2023-03-01,"24 CREE DRIVE, LOCK HAVEN, PA, 17745",,-77.467680614382,41.133220036166,"-77.467680614382,41.133220036166",4.0,30701.0,Yes,30820.0,"Lock Haven, PA",Micropolitan Statistical Area,42035,42.0,,,0.0,,No Match
2190,UPMC SUSQUEHANNA SUNBURY,350 N 11TH ST,SUNBURY,PA,17801,NORTHUMBERLAND,,,2,MDH,70.0,2020-01-01,"350 N 11TH ST, SUNBURY, PA, 17801",,-76.778489257892,40.862054330352,"-76.778489257892,40.862054330352",4.0,82200.0,Yes,44980.0,"Sunbury, PA",Micropolitan Statistical Area,42097,42.0,,,0.0,,No Match
2197,USPHS CLINTON INDIAN HOSPITAL,RT 4,CLINTON,OK,73601,CUSTER,,,1,IHS,11.0,2007-01-01,"RT 4, CLINTON, OK, 73601",,35.5156056,-98.9673069,"35.5156056, -98.9673069",7.0,950800.0,Yes,48220.0,"Weatherford, OK",Micropolitan Statistical Area,40039,40.0,,370174,100.0,USPHS CLINTON INDIAN HOSPITAL,Exact Match
2204,VALLEY COMMUNITY HOSPITAL,100 VALLEY DRIVE,PAULS VALLEY,OK,73075,GARVIN,,,2,PPS,43.0,2025-01-01,"100 VALLEY DRIVE, PAULS VALLEY, OK, 73075",,-97.21409421228,34.720187305292,"-97.21409421228,34.720187305292",7.0,681400.0,Yes,,,Neither,40049,40.0,,,0.0,,No Match
2219,VIDANT PUNGO HOSPITAL,210 EAST WATER ST,BELHAVEN,NC,27810,BEAUFORT,,,2,CAH,25.0,2014-06-01,"210 EAST WATER ST, BELHAVEN, NC, 27810",,-76.622931626838,35.5381236534,"-76.622931626838,35.5381236534",10.2,930102.0,Yes,47820.0,"Washington, NC",Micropolitan Statistical Area,37013,37.0,,341310,100.0,VIDANT PUNGO HOSPITAL,Exact Match
2235,WEIMAR MEDICAL CENTER,400 YOUENS DR,WEIMAR,TX,78962,COLORADO,,,2,PPS,38.0,2017-11-01,"400 YOUENS DR, WEIMAR, TX, 78962",,-96.787333171798,29.693310210662,"-96.787333171798,29.693310210662",10.1,750300.0,Yes,,,Neither,48089,48.0,,,0.0,,No Match
2283,WISE REGIONAL HEALTH SYSTEM-BRIDGEPORT,1901 DOCTORS HOSPITAL DRIVE,BRIDGEPORT,TX,76426,WISE,,,1,PPS,36.0,2013-12-01,"1901 DOCTORS HOSPITAL DRIVE, BRIDGEPORT, TX, 76426",,-97.761881722791,33.221794466981,"-97.761881722791,33.221794466981",7.0,150500.0,Yes,19100.0,"Dallas-Fort Worth-Arlington, TX",Metropolitan Statistical Area,48497,48.0,,,0.0,,No Match
2284,WM B KESSLER MEMORIAL HOSPITAL,600 SO WHITE HORSE PIKE,HAMMONTON,NJ,8037,ATLANTIC,,,1,PPS,83.0,2009-03-01,"600 SO WHITE HORSE PIKE, HAMMONTON, NJ, 8037",,-74.771056217374,39.630573063288,"-74.771056217374,39.630573063288",4.1,10900.0,Yes,12100.0,"Atlantic City-Hammonton, NJ",Metropolitan Statistical Area,34001,34.0,,310088,100.0,WM B KESSLER MEMORIAL HOSPITAL,Exact Match
2288,WOODLAND MEDICAL CTR,1910 CHEROKEE AVENUE SW,CULLMAN,AL,35055,CULLMAN,,,2,MDH,50.0,2009-07-01,"1910 CHEROKEE AVENUE SW, CULLMAN, AL, 35055",,-86.843018009046,34.151616163828,"-86.843018009046,34.151616163828",4.0,965002.0,Yes,18980.0,"Cullman, AL",Micropolitan Statistical Area,1043,1.0,,010143,100.0,WOODLAND MEDICAL CENTER,Exact Match
2293,YADKIN VALLEY COMMUNITY HOSPITAL,624 WEST MAIN ST,YADKINVILLE,NC,27055,YADKIN,,,2,CAH,15.0,2015-05-01,"624 WEST MAIN ST, YADKINVILLE, NC, 27055",,-80.671129458688,36.134502589708,"-80.671129458688,36.134502589708",2.0,50503.0,Yes,49180.0,"Winston-Salem, NC",Metropolitan Statistical Area,37197,37.0,,341308,100.0,YADKIN VALLEY COMMUNITY HOSPITAL,Exact Match
